filename,tag,confidence,one_line_note
IMG_3470.MOV,mixed,4,Two women chatting at table with rulebook/cards; social setup with game materials
IMG_3473.MOV,mahjong,5,Woman gesturing over mahjong board with tiles and rulebook visible
IMG_3475.MOV,people,4,Older woman in scarf leaning toward another guest, candid social moment
IMG_3476.MOV,people,4,Hostess holding rulebook/sign and greeting guest
IMG_3477.MOV,people,5,Beautiful portrait of woman in green resting chin on hand
IMG_3478.MOV,mahjong,5,Two players studying tiles up close at the mahjong wall
IMG_3479.mov,mahjong,5,Same pair actively arranging mahjong tiles together
IMG_3486.MOV,mahjong,5,Empty mahjong table setup, Fia's Lounge Mother's Day branding
IMG_3487.MOV,mahjong,5,Branded Mahjong Mother's Day Edition signage close-up with red tiles
IMG_3488.MOV,mahjong,4,Mahjong centerpiece and branded signage on table
IMG_3490.MOV,people,5,Hostess at mic addressing the room, full event energy
IMG_3491.MOV,people,5,Hostess speaking at mic in bright window light, hero composition
IMG_3492.MOV,people,4,Hostess at mic holding mahjong rulebook
IMG_3494.MOV,mixed,3,Older woman with hand on chest at a game table, intimate moment
IMG_3495.MOV,mixed,4,Two women at table with tiles and Noisy Tables sign
IMG_3496.MOV,mixed,3,Woman seated at mahjong table, room full of guests behind
IMG_3497.MOV,mahjong,4,Woman in yellow concentrating over mahjong rack
IMG_3498.MOV,mahjong,5,Woman in grey smiling while reaching for tiles, hands in frame
IMG_3499.MOV,mahjong,5,Smiling woman at mahjong table with red rack and tiles
IMG_3502.JPG,people,4,Portrait of smiling woman in white-blue blouse (sideways orientation)
IMG_3509.JPG,people,4,Woman in pink holding Mahjong Mother's Day Edition sign (sideways)
IMG_3510.JPG,people,4,Same woman in pink with sign, slightly different pose
IMG_3513.JPG,mahjong,5,Four women smiling around mahjong board, classic group shot
IMG_3517.JPG,mahjong,5,Same four women pointing playfully at the board, high energy
IMG_3518.MOV,mahjong,4,Woman in white gesturing at her mahjong rack mid-conversation
IMG_3519.MOV,mahjong,4,Woman in pink at mahjong table contemplating, tiles in foreground
IMG_3520.MOV,mahjong,5,Woman in green focused on arranging tiles, lovely portrait
IMG_3521.MOV,mahjong,5,Woman in animal print gesturing animatedly at mahjong table
IMG_3524.mov,mahjong,4,Two women collaborating over the mahjong board, hands at work
IMG_3528.MOV,mixed,3,Woman standing chatting at table with game pieces visible
IMG_3530.MOV,mahjong,5,Woman concentrating over red mahjong rack, calm portrait
IMG_3531.MOV,mahjong,4,Woman in floral at mahjong table with pink/teal tiles
IMG_3534.MOV,mahjong,5,Striking older woman reaching across mahjong board, great detail
IMG_3535.MOV,mixed,3,Woman adjusting glasses at game table, tiles in foreground
IMG_3536.MOV,mixed,3,Woman in blue holding rulebook contemplating
IMG_3537.MOV,people,5,Wide room shot of the full event, tables packed with guests
IMG_3538.MOV,people,5,Hostess walking through aisle between tables, beautiful establishing shot
IMG_3539.MOV,people,4,Hostess on mic with audience visible
IMG_3543.JPG,mahjong,5,Hero photo: woman posing behind a fully laid mahjong board
IMG_3544.JPG,mahjong,5,Same hero photo variant, slight pose change
IMG_3545.MOV,mahjong,5,Top-down tile shuffle, hands in frame, dynamic gameplay
IMG_3546.JPG,mahjong,5,Smiling woman holding Magic Mom rulebook at mahjong table
IMG_3547.JPG,mahjong,5,Same woman with rulebook, big laugh, hero shot
IMG_3549.JPG,mahjong,5,Same woman with mahjong board fully visible, beaming
IMG_3551.MOV,mahjong,4,Older woman on phone at mahjong table
IMG_3552.MOV,mahjong,4,Hand reaching for red mahjong tiles, woman blurred behind
IMG_3555.MOV,mahjong,5,Close-up of Super Mom rules and dragon mat with red tiles
IMG_3556.MOV,mahjong,5,Tilted shot of red tile rack and rules card
IMG_3557.MOV,unclear,4,Very blurry abstract shot of game materials
IMG_3558.MOV,mahjong,5,Beautiful close-up of mahjong tiles on rack with coins and rules
IMG_3560.JPG,mahjong,5,Woman holding Magic Mom rules card with tiles spread in foreground
IMG_3561.JPG,mahjong,5,Same woman with rules card, slight smile variant
IMG_3563.MOV,food,5,Mezze Cucumber Bites tray close-up, clearly food
IMG_3565.MOV,food,5,Two-tier rack of sliders/burgers, food close-up
IMG_3566.MOV,food,5,Veg Sandwich and fries platters, food close-up
IMG_3567.MOV,food,5,Sandwich and fries platter, food close-up
IMG_3568.MOV,food,5,Cauliflower Bake portion cups, food close-up
IMG_3570.MOV,food,5,Smoked Salmon Cylinder platter, food close-up
IMG_3571.MOV,food,5,Paneer Basket platter with server's gloved hand
IMG_3572.MOV,food,5,Paneer Basket platter overhead, food close-up
IMG_3578.MOV,food,5,Honey Glazed Water Chestnut cups, food close-up
IMG_3579.MOV,food,5,Cinnamon Rolls tier, food close-up
IMG_3580.MOV,food,5,Cinnamon Rolls and Mezze Cucumber Bites layout, food close-up
IMG_3601.JPG,people,5,Wide group portrait of all guests at the venue
IMG_3606.JPG,people,5,Same group portrait variant
IMG_3607.JPG,people,5,Group portrait, different framing
IMG_3610(1).JPG,people,5,Group portrait variant
IMG_3610.JPG,people,5,Group portrait variant (duplicate)
IMG_3612(1).JPG,people,5,Group portrait variant
IMG_3612.JPG,people,5,Group portrait variant (duplicate)
IMG_3613.JPG,people,5,Group portrait variant
IMG_3614(1).JPG,people,5,Group portrait variant
IMG_3614.JPG,people,5,Group portrait variant (duplicate)
IMG_3617.MOV,mixed,4,Guests serving themselves at long buffet table, food and people equal weight
IMG_3618.MOV,mixed,4,Buffet line with guests plating food, people prominent
IMG_3619.MOV,mixed,3,Woman holding plate at buffet, food in foreground
IMG_3620.MOV,mixed,4,Women plating at buffet, food and people both featured
IMG_3621.MOV,mixed,3,Woman stacking plates at buffet, social moment
IMG_3624.MOV,mixed,4,Two women chatting holding a plate, social with food
IMG_3625.MOV,people,4,Woman in pink with plate in background, candid people focus
IMG_3626.MOV,mixed,4,Three women browsing buffet, social plating moment
IMG_3627.MOV,mixed,4,Two women laughing while plating food
IMG_3628.MOV,mixed,3,Woman in yellow eating at table, candid but plate visible
IMG_3630.MOV,mixed,3,Woman eating from plate, social context
IMG_3631.MOV,people,5,Four women posing happily for group photo, hero shot
IMG_3632.MOV,people,5,Same four women laughing for group shot, great energy
IMG_3633.MOV,people,5,Same four women taking a selfie together, hero candid
